{
  "cacheBootResources": true,
  "config": [ ],
  "debugBuild": false,
  "entryAssembly": "UBook",
  "icuDataMode": 0,
  "linkerEnabled": true,
  "resources": {
    "assembly": {
      "BlazorBootstrap.dll": "sha256-wsHjEz\/36ZDrnQGfMjQ2tIzkpwKl8fnuqSzKqeQDbK8=",
      "Microsoft.AspNetCore.Components.dll": "sha256-aosRYCIt\/m90MMuXuIqCRcet9bzZZX8JumfX4Gyj0+U=",
      "Microsoft.AspNetCore.Components.Forms.dll": "sha256-+shobhAyUN7q4gvsTkkavpEe2x3Zaa79Noyyvb1PrFA=",
      "Microsoft.AspNetCore.Components.QuickGrid.dll": "sha256-PW\/wHFaTp8vYiuguHaQ3AwRZufEAL3poOUlA2LvA0BA=",
      "Microsoft.AspNetCore.Components.Web.dll": "sha256-CyvjpFiluuycaB5+dxMUWJ5\/MnutyFRwv0AFdieWzSM=",
      "Microsoft.AspNetCore.Components.WebAssembly.dll": "sha256-D4szTLFCO9JFvO2yeS88W227Fd3GtO+JFYY3pS1QnKQ=",
      "Microsoft.CSharp.dll": "sha256-PmNnXcT2e4IKiAyJD4Fo99xGta\/kv6ilVkGToMgMzhw=",
      "Microsoft.Extensions.Configuration.Abstractions.dll": "sha256-X\/f4fDl2cuIRXeWHhK\/f2UqQbFioD+RU4a4CEh0zrrQ=",
      "Microsoft.Extensions.Configuration.dll": "sha256-DBOKSPriP2JDxVbbWrLXyD3K4\/x3RBifNBWk\/q1I39M=",
      "Microsoft.Extensions.Configuration.Json.dll": "sha256-Q5AqJneA2TZnzC0IYzBx6j\/tHRhWAeMbpH3BsV7KgWg=",
      "Microsoft.Extensions.DependencyInjection.Abstractions.dll": "sha256-EHYqnDGcXcfwi6cxocQmm0hiqMfQAdPpIq6CK9WaXOM=",
      "Microsoft.Extensions.DependencyInjection.dll": "sha256-qi0kE7rp0kdsNqdL6DyPZEeimjUGvcLT4iWQX0YnRus=",
      "Microsoft.Extensions.Logging.Abstractions.dll": "sha256-FvxXs8qE502WAwQhb+NZbTB9CQTSCvkxQqKUEzbQXuc=",
      "Microsoft.Extensions.Logging.dll": "sha256-RJE660TEC1wm3MyL1EXQfTQB1qK+JWy1efVUxI8nNUo=",
      "Microsoft.Extensions.Options.dll": "sha256-WPBQk7rt2p4aMEo2pTp1sBpsiWdE8MmWuIYq+zl1ceo=",
      "Microsoft.Extensions.Primitives.dll": "sha256-eXvGx2jcjpTPEJoAHBsW\/VuMPbNyyU+AsuhPmkzSSRY=",
      "Microsoft.JSInterop.dll": "sha256-gju96VySosAcQk0y\/284FObY2KuvQGDJ1o1cICyp6sY=",
      "Microsoft.JSInterop.WebAssembly.dll": "sha256-bzbqcJ6KmXNtttCdwlY3JqqzIuFo0rRDUc7qjI8CKYM=",
      "Newtonsoft.Json.dll": "sha256-IsZJ91\/OW+fHzNqIgEc7Y072ns8z9dGritiSyvR9Wgc=",
      "System.Collections.Concurrent.dll": "sha256-7G5JOk9ihRhUCkOX1KOP02xoRrwnXh9aZ4KoLKReVvQ=",
      "System.Collections.dll": "sha256-1y0o3HkzBruiad7LVeP\/w+aVCxg5cyOlxDzCGw05LMA=",
      "System.Collections.NonGeneric.dll": "sha256-vJa5tIz3BU3mSUq9s41jGRQuXntJz1uH\/ZtfzxckAPo=",
      "System.Collections.Specialized.dll": "sha256-pxNHADv3qwL2JbcKGoVeDd29c1n8Hq+dNTy4jtvQoYw=",
      "System.ComponentModel.dll": "sha256-xiHWCazSPzGqQVkMhCxIoo5Fn6Ho1t+ZaGuTqEQxuQo=",
      "System.ComponentModel.Primitives.dll": "sha256-dPYqB76HBCoUi9AGKXxF1flxFibnhbacs0eeBmZ45cE=",
      "System.ComponentModel.TypeConverter.dll": "sha256-vIBysm\/I+TlxaGc55ZKP5uEGRXKI2VykTZdE+XORwng=",
      "System.Console.dll": "sha256-5lAh3T2Ej\/scgvbsGnWNS\/iqKAVKfw7SG+3Te6rtZZk=",
      "System.Data.Common.dll": "sha256-onNvp9W6YM5pzAOmmjASkfcRkE9rzzzApg19sQCqDBM=",
      "System.Diagnostics.TraceSource.dll": "sha256-3YZSJuU4Q+TQ\/hyd3fuMvzqWa46o+SyuptCXhOuyYmQ=",
      "System.dll": "sha256-0FM7lecMRXqYYN0oYnNU8NC1ipKpU+jYHuHkgK73cvo=",
      "System.Drawing.dll": "sha256-NlJmizC+jvgyMBCJG1M2agFAn9euZyjaAXanMxi1JoQ=",
      "System.Drawing.Primitives.dll": "sha256-0WiMVZZlMTRCQoepMdYjFVaVrouBlICYDML2c1i31sc=",
      "System.Linq.dll": "sha256-xH9QeufVjLeq3CLieC3u2\/3tuaMDqnz1WeEDZwB0pbs=",
      "System.Linq.Expressions.dll": "sha256-+inEB3A+c6hVAf22NgezB\/nv2mtpLXQEwsYorOLQm88=",
      "System.Linq.Queryable.dll": "sha256-iV74U8CvNzCWu\/ER9nOifg2i3MQ9KvATXsGPuxSdHBM=",
      "System.Memory.dll": "sha256-qsm9FE0j4Y5V6SWkbHfEHmUTbqXocbTo56YzM0OBj9M=",
      "System.Net.Http.dll": "sha256-iYKe20XzQlwg3d8BGpGXd0zPYUIVSaT7pvfoYzkVgPo=",
      "System.Net.Http.Json.dll": "sha256-9ZVGVM10xsC3kqEow6KkLCDfIwvGT7zr67qzcTO6R3c=",
      "System.Net.Primitives.dll": "sha256-dJ\/1AooBxDrQrktYlFIeipM8yeIWf27nW8rwy1mM6Sc=",
      "System.ObjectModel.dll": "sha256-FpqrYCr2IkhNwoYhoj6YQ2nsu3iRo4DQ7gsYee5vyD0=",
      "System.Private.CoreLib.dll": "sha256-uxitxeTx50fiwpCjpoTQBz7I8YcGSYoXaqFYoY74VBE=",
      "System.Private.Uri.dll": "sha256-P3MY1j723aPvj4mMRMrUgZ94zd8DXE8QftlK04JIuH4=",
      "System.Private.Xml.dll": "sha256-tl\/futiLSjHVZXSbKKM7V9QGafC2fej7YSYMr4jVhDQ=",
      "System.Private.Xml.Linq.dll": "sha256-V9RZhnmpl299OyX4baFsvIy3IcuRVyYBY98WhHIxvSI=",
      "System.Reflection.Emit.ILGeneration.dll": "sha256-lSeFba5ZS4wHM4aA7gSTFVRMu\/2EJOzFIZKiVSfJIO8=",
      "System.Reflection.Emit.Lightweight.dll": "sha256-z6f1D\/2Bt4Jfcj0PID3nS42QJfjAzLF962MJRqzdBU8=",
      "System.Reflection.Primitives.dll": "sha256-2kjiCLzT18Ko7Y\/\/Fmxecnuymrj2GyMXxshxP1I6XTc=",
      "System.Runtime.dll": "sha256-TObSXy3n6UR8E608WobkrlDXQ3KL40BvjYT0rt0bRo0=",
      "System.Runtime.InteropServices.dll": "sha256-4xDEdx3I7ZRTEzBE9PphKgPK2i1bJ5lQnIM3VrwfTRA=",
      "System.Runtime.InteropServices.JavaScript.dll": "sha256-MC8P5BswE5sDJgKgKCNyNj44Z4mbH\/uyPUvKUaV\/xwo=",
      "System.Runtime.Numerics.dll": "sha256-vMlXwRWTrN093BHBcx6JVcj0ChXk4NuZLuT33fXut1A=",
      "System.Runtime.Serialization.Formatters.dll": "sha256-Fpf3wJ046VZvHPLhWNqRvaWPjRCJLMs\/42UYgZqucug=",
      "System.Runtime.Serialization.Primitives.dll": "sha256-F4Aau+\/jjgHKmCUUo5Pvnzyxff5FDbZ4arp3yePZz8M=",
      "System.Security.Cryptography.dll": "sha256-\/Qrw2\/IFFzsNFTFK2UmovIo07TATgsuPd3eRXhJI8lc=",
      "System.Text.Encoding.Extensions.dll": "sha256-BVU54VUfuhLdor6zGFqeLec0NWSGEJuwHkhrziYy7ig=",
      "System.Text.Encodings.Web.dll": "sha256-7c\/x+3P1B2yjC4SneODQOtfVfiMPZ0O12n8fjkh75+k=",
      "System.Text.Json.dll": "sha256-EYHV\/j0Q48I\/3KcRXyXKlQdhk0Vhy8IYwKffTqdsWpw=",
      "System.Text.RegularExpressions.dll": "sha256-g5uTR+EN0MNAvqvotlfqkbdAFT\/fs7pxvvzoIBDo5Hc=",
      "System.Threading.dll": "sha256-jzdD46BC832\/2gEuzNVutdIzyCNggSKqBDEPu2BpXOc=",
      "System.Xml.Linq.dll": "sha256-gZUHJx6n6\/BsI06El7STicgfVb9mzCZBbvI8BkNSuOM=",
      "System.Xml.ReaderWriter.dll": "sha256-fv7IbmhSp96MSUpUJ51rZyshu0M7+VpkSQWkz+qiLeA=",
      "System.Xml.XDocument.dll": "sha256-yRYQ8t+pJYJ4n1Q8xnHPByNS83zXAXWTeXZ13tRc2dg=",
      "UBook.dll": "sha256-BhJNbRQP51Q33\/EVydexkKWa31RyWBYCcEapxekDbLI="
    },
    "extensions": null,
    "lazyAssembly": null,
    "libraryInitializers": null,
    "pdb": null,
    "runtime": {
      "dotnet.7.0.11.mzw57zdc11.js": "sha256-RtIVigdAD1mUvR4pxoKyD8kcQgw4INP81v+PVSqkeQY=",
      "dotnet.timezones.blat": "sha256-gIJRsMe\/q4cM8EeOn+wrpfipBqBOq0niTDjqSBdXsVI=",
      "dotnet.wasm": "sha256-hm1Mz+MEUcCzB1ptOGcOa7Kdyb4wf5\/XLZCe8VoiqkU=",
      "icudt.dat": "sha256-tO5O5YzMTVSaKBboxAqezOQL9ewmupzV2JrB5Rkc8a4=",
      "icudt_CJK.dat": "sha256-SZLtQnRc0JkwqHab0VUVP7T3uBPSeYzxzDnpxPpUnHk=",
      "icudt_EFIGS.dat": "sha256-8fItetYY8kQ0ww6oxwTLiT3oXlBwHKumbeP2pRF4yTc=",
      "icudt_no_CJK.dat": "sha256-L7sV7NEYP37\/Qr2FPCePo5cJqRgTXRwGHuwF5Q+0Nfs="
    },
    "runtimeAssets": {
      "dotnet.wasm": {
        "behavior": "dotnetwasm",
        "hash": "sha256-hm1Mz+MEUcCzB1ptOGcOa7Kdyb4wf5\/XLZCe8VoiqkU="
      }
    },
    "satelliteResources": null
  }
}